order_id,user_id,product_id,quantity,order_date,total_price
747aaae893e94131880f26cfb5c09d8d,7dce916a47f54dbe8ce8e86953fd1563,34fc6c1a7c044ac2918e809ee2b00e88,4,2024-08-11 22:21:24,1494.26
60002edd949249268c54e1d5d3b4d9dc,f0bf0473bd5b4239bd43063bf2bca906,d06b86b083344dd6a63550e34204d4c1,4,2023-10-11 22:21:24,1985.02
6c5b9af7f991497ba809ba7568383dca,0d25113f9e5f4a409bd6235807a7c8f5,a20273cd79194c10a736ed78682e9dc8,4,2023-12-25 22:21:24,1482.46
05eb3e8904844c7bbf91380efd7e3213,3c5fdd567dcf43e9a3e2dccdff7eaec9,185ed49f29bd46acbc30812db697029e,4,2024-03-17 22:21:24,1149.29
e9adc4364b804e1d82393dd2bfcb7f15,857c3d07cb4349e9b848b72ae36f56c5,515d16c0029e423a9d88a11efede4744,1,2023-12-06 22:21:24,346.83
6db6c6ec6fe94329ad86918ce01ffe66,558dab7e2abf4e7da712e2a4672fd96d,7c1abcad5ec9455997bdc89e74706431,3,2024-08-01 22:21:24,315.03
9056f0fc7c7d4a7e9e24e257c59afb21,f59a8660d9c74526b1e6a0e927145f78,7c1abcad5ec9455997bdc89e74706431,5,2024-07-14 22:21:24,81.44
cac8d4a171d841fd836d6ef4c6a01cd6,0c7f20df8a0e454fbbcbcbcbbb203f23,6bff76f77f1c4f8bbdf22aa6ad817ea9,4,2024-05-26 22:21:24,1072.53
c75bc8c8781f4c0faeb06bc513fc53df,4c8341aa02864996ad0936463f1d15e7,23de41ed7e0249a8bad59df1d0537706,1,2023-12-13 22:21:24,1395.85
60e01cedc55a4cf3ac379fb728ec759c,d059c83c805942d296cf464f2bd3cf44,5f38ff6c7fa04e60889e586499df1041,2,2024-08-15 22:21:24,1315.65
3b165f71d0b34546bd4d57d00d30debc,cf445ef32ed34604b360fc009ff60030,8ce04706dc88494fad0bfb4e6585c74e,1,2024-06-14 22:21:24,472.18
c240ba43eac6425a958a319518a61a45,056a263723bd4de7a475baf25b6dc953,5978f801a94a4c5694196936d1a308f4,5,2024-01-21 22:21:24,1576.2
d314f3b2c46e4f2d8b16264880f9377e,9b1a25b4c6e046a497f3375f95115c53,f33227762bef48c580cc27631eebff17,2,2024-07-29 22:21:24,1788.13
dfc77e37a83d49149b6881fc0c5a6053,70d4c013785342048a6cd5077a6f60fe,d639040857d049cdafe1f6598226f3db,3,2023-10-18 22:21:24,1917.37
210837310979439a84d623f0cf396c49,aef7f3194e2845f6a6077da709a20709,48fa708814494e908ae54f01d17fcba0,3,2023-10-28 22:21:24,155.89
77ad0d8026924c1bb301174924dab2dc,759a64ed779845adad283aef5ce7a08c,9d2fc9d1017d4906b1a9bca923670570,4,2023-11-11 22:21:24,658.69
f7232a42358943d995c8456bba37d98d,4c8341aa02864996ad0936463f1d15e7,a4ee51da8dde4d15a1d15dd8111886a3,2,2024-06-24 22:21:24,305.83
85f76c3149124ba89d3c2c20766dd2c9,ee14697fc9c44d2ea33222d2afe233f8,6d30feba7ad44a7cba619db34814f49b,2,2024-03-01 22:21:24,138.37
ee92212e2cc64cb298afebcfee3bbdc6,ac6dcf077e2b4ced8f7f0d43cce59102,a9e33f688ebe4d449c274d7f2b5d3484,1,2024-01-14 22:21:24,1456.17
2e5cb6496772476f83b7e02f03563c27,19891573535f4f618b0b77abebc7f410,431ccaf8dda345bb85d619e038655d5f,5,2024-02-19 22:21:24,723.5
6de4ebd54b9c44478c84469a88c2cd3d,e6466aec70fd4658961fb7165df5eabc,a5182de61ebf47a9bd41491f834f17fb,5,2024-06-20 22:21:24,1083.94
c8df8eb19e444139923c9b4436569729,7dca9b12c8174f6cb479b8a1c821353e,27f544d1cd1c442890be93c350332a16,3,2023-12-05 22:21:24,719.22
abb4787feccd4e0590cea9f8e9fbde65,420884a694f04b96ab602450ec00e370,48fa708814494e908ae54f01d17fcba0,3,2024-05-04 22:21:24,1616.77
cbbd29788e604ecbab24afa2ce0aad7d,857c3d07cb4349e9b848b72ae36f56c5,50436e6fc1f8471fb5c1d7c61984abcf,4,2024-07-23 22:21:24,15.28
7448e7131ac4426aaa9d2ccae532f11b,66b6c1b85e414138a60439697f95fbab,7c1abcad5ec9455997bdc89e74706431,3,2023-10-25 22:21:24,1848.59
7a9040ae570744c38b33eb0c80c01200,5e18cfa36d5c4fa59219e735e5e11421,e696343231fe45549c58d34242ceff4d,3,2024-09-12 22:21:24,119.63
22811164b5fc4985b3b8069a12d34dbd,edc46fa64b4c42da986ad71681165d68,9493f0a785394acb9aac02ca5e474c32,4,2024-07-04 22:21:24,1845.01
5354163bae164e15840b00e018f1f61a,37eaffefa083497e883e78e6c08872cb,7771fe55e4bf48e5969578fd83af6877,5,2023-12-15 22:21:24,61.51
0e7c8e8b5a5745549b3b15e416e6fe44,37eaffefa083497e883e78e6c08872cb,515d16c0029e423a9d88a11efede4744,1,2024-07-29 22:21:24,599.38
c65237cd461f419bbef437f24d78d168,bb8e394f4c10472983925fba557fcb4f,5f6d1c08b5e44dec867a9966e6829a51,1,2024-08-29 22:21:24,641.13
35f4b667313f4239b6fef9aec54a5680,8a0ab6ad7ddd4cf99a8e7787261d1167,7270779a92564530b903d2b1bdd3ead9,2,2023-10-14 22:21:24,26.37
70775ca0d1c34284a538b35e86f75d66,3fa94a44deb840f9ae35726fbb5b2c80,34fc6c1a7c044ac2918e809ee2b00e88,2,2023-10-17 22:21:24,375.82
e847ba0ff9f24cf880dfa490cc191aac,06a4f9cefa764524b6f9de5678f1b3f4,7a34301769594c4c9354c8487ed2908a,5,2024-03-18 22:21:24,1376.31
88a1d3d93fc24c7ea3bacac4bdeac992,25d4dda0242c47ec83a0bffce340fb60,d06b86b083344dd6a63550e34204d4c1,5,2024-07-30 22:21:24,319.95
47fe98fa18084b0491736ce919e30f6e,65b9a124801d42fabc55ce2e83e02483,9d2fc9d1017d4906b1a9bca923670570,3,2024-01-08 22:21:24,1326.5
bcd404122d6047e6a8285075416afd26,0e190705dde445fe8f5f5afd5cc68fbb,e9cc5ca6f31644a7873333da26fcd299,5,2024-01-29 22:21:24,978.97
a8f5de3da12d45f9a1e90cb3092ebf2e,0d25113f9e5f4a409bd6235807a7c8f5,568cb33f1f9b434793c6bcfd1a502276,2,2023-10-09 22:21:24,850.65
732f1808d906420a9206b8beb66d8111,37eaffefa083497e883e78e6c08872cb,db7c959661ea4383a3bef32728be4225,1,2024-08-23 22:21:24,254.49
bbe5bdecfa6b4d2abaa4e68d9dab0668,a132191fd3d040d6a26fef58bd8e2276,2431420adea246069b665cb67c6e6175,4,2024-10-01 22:21:24,1561.98
391a0bed63ed42a9a73fcc47252ab0c0,857c3d07cb4349e9b848b72ae36f56c5,767b75dfcdd647078adf2f660f0d6450,1,2024-06-02 22:21:24,1820.34
a18a6a4631d54d0c9f1322292c8b32e2,9396d3e55c06481380cb02fe162bde6f,43b966e94d0a4a0986fe2244b7690074,2,2024-02-18 22:21:24,1809.03
3809c4da972b4bd1bfccdeedf9825bcb,801e9fc41889444ba2de362723952f0d,43b966e94d0a4a0986fe2244b7690074,2,2024-01-27 22:21:24,1840.65
54a3796f71864de1ab26e4e8b536d10f,bb9b41755a174fea95db37c79c47336d,a383032f4b914a92b4168e17b4d5c3b8,4,2023-10-11 22:21:24,1381.13
cfa1cfdd9d3a433dbad96f0eca29125b,66b6c1b85e414138a60439697f95fbab,281e807be26f40db984a00a2bbefa373,4,2023-12-13 22:21:24,757.94
61f42ac93d8b47eea29839506d246519,0d25113f9e5f4a409bd6235807a7c8f5,8ccd6cbe27ab42478c8df4087216fcb5,2,2024-02-28 22:21:24,1998.35
834687bde29e4ccfa25333a7d409181d,5c19464e63184852b1cfebf361f6f406,27f544d1cd1c442890be93c350332a16,5,2023-10-20 22:21:24,413.91
bd3c149498894fa8946b2aa3c28cc557,0d25113f9e5f4a409bd6235807a7c8f5,7771fe55e4bf48e5969578fd83af6877,2,2024-07-03 22:21:24,1558.78
3ecb6f2b09c94395aaff4c97d3d581eb,95c1712104264f31b41f9303e13aa7e1,a20273cd79194c10a736ed78682e9dc8,3,2024-05-29 22:21:24,763.07
4d96df6dfa434e15a3c0def92286feae,04f7f08958f64941903154301ec2ced5,2431420adea246069b665cb67c6e6175,4,2024-05-01 22:21:24,1790.52
ae30fd48927e4c76b2d8cea5dd3de34c,72eb18b3b9d046af9618fe7dcdbbdab4,5bb70ac77c28405ea48ec319576166d0,1,2024-09-23 22:21:24,788.98
d0be539f082c44b6b8e205826609c963,738428280c724a45ac12f7f127642b2f,f050579b56fb47f9a623dba3bd6495f8,1,2024-09-26 22:21:24,966.73
b443d0e15b974ddbaef45771cccc9fbd,db58dd22739b46b6806b692ea16de5a7,7270779a92564530b903d2b1bdd3ead9,5,2023-10-18 22:21:24,315.52
9a05bfaddce74f83bd88c3180eeb69c0,d059c83c805942d296cf464f2bd3cf44,5bb70ac77c28405ea48ec319576166d0,5,2024-05-16 22:21:24,548.61
60eeff2ef53d4263bc0295f92b3edb35,b160a0ef08fa4ce1951efc3c07e00049,515d16c0029e423a9d88a11efede4744,5,2024-04-23 22:21:24,1675.97
3de5633d13f14a638abccb8635f0faed,1a298d3ba2e84029a69cbba782f58324,873af4e9ad484a6caab2fee1aef4c763,2,2023-12-08 22:21:24,296.39
3ee4a3b4eef94ed3ae2ecfb16fdaa326,8bf497197a4f4e6788f362215b43b3f2,1547b4f91f81460085eed7c4b96626d0,1,2024-08-25 22:21:24,1643.5
1e7cb005e0fd4324a0c47da9e79aae25,f0bf0473bd5b4239bd43063bf2bca906,e985b8e58c3644ad9706d278d431afdf,5,2024-09-19 22:21:24,1025.4
ebb4179de80f4b0aa054c225603fcd34,a541020ae4554d5d9e0075955aa07f78,7270779a92564530b903d2b1bdd3ead9,3,2023-11-05 22:21:24,57.63
349bd95ac2a84b37960a586464e60fc7,db58dd22739b46b6806b692ea16de5a7,74736fcf4a2046d98e6e66fb9fe8ee1c,3,2024-04-25 22:21:24,1553.78
18e1032e75a24c9c9def0975c2e2b820,db58dd22739b46b6806b692ea16de5a7,539e8076619b4f57b60787ab58298761,5,2024-03-23 22:21:24,627.89
62776c1f78854e97a1122232ee1ba78f,df4071ab526a4ead8d3ddfd368ba578b,4c98aeada64e4a478df5ff2ccaacebec,4,2024-08-19 22:21:24,601.7
dfd32be1d01d4071bc2e3ef586b86cb9,3fa94a44deb840f9ae35726fbb5b2c80,b4c3721f36ad41b0a34c6b0c6b353c95,3,2023-12-03 22:21:24,1804.73
2609f4ddf7494d85aae91360578a3812,0574cbefcb0e4a53906be5fdcedb465f,48fa708814494e908ae54f01d17fcba0,1,2024-03-08 22:21:24,1584.16
e1d9b7c42ebd4d97a8654247bc8c2964,b1c7c8f5291b4c849d0383b9645087f7,874ba97a0d2f46edac8d0f84f6b82b90,3,2023-11-01 22:21:24,986.79
84db683a04fb4ae1beaaaed4b59c30a2,0d25113f9e5f4a409bd6235807a7c8f5,c5e04d9e8e48475f9c13c69ca6ba6b13,3,2024-03-01 22:21:24,1283.8
b6f9cc2a31ca4b38bb0587c241ece6ea,bc339aac4d544c7e9f383fb27b79ed74,50436e6fc1f8471fb5c1d7c61984abcf,4,2023-11-16 22:21:24,1376.82
a38623d978bd49fcb1feb5ea19e6d80e,8396594453e940e898f8f938ae76a205,6baac344ed9640c9a2e9624910fc2786,3,2023-11-13 22:21:24,1322.36
959b3dd5ed6c4a8cb8dad185b514a241,056a263723bd4de7a475baf25b6dc953,968821dca8af4a9586dc5f5caf7eb26e,3,2024-01-06 22:21:24,707.43
f5e8eed65f1148a6b875f57cd0c5cf37,d059c83c805942d296cf464f2bd3cf44,d3998a0800a74a30b2c413bce33c93fd,5,2024-08-15 22:21:24,1216.54
730d3afd48ea45f2b49520dc0085ac11,8396594453e940e898f8f938ae76a205,3cd384a9dac34ab287884f81edca2497,2,2024-09-07 22:21:24,321.61
e394e398f63e4efaa7a1ffa5def831eb,cf445ef32ed34604b360fc009ff60030,af2739b8e5fd4bcc96fc7971bbf77a14,3,2024-07-07 22:21:24,276.26
e610051a94b748648d6328001f491ba1,3cb14d39ff8f462d9d840684f0e9c216,968821dca8af4a9586dc5f5caf7eb26e,3,2023-10-29 22:21:24,385.22
b182ff1e03bf4aad98198916056d8dbc,4c8341aa02864996ad0936463f1d15e7,6bff76f77f1c4f8bbdf22aa6ad817ea9,4,2024-09-15 22:21:24,1845.97
1e72d4cdfc2041c5b04b546583fb4b2e,056a263723bd4de7a475baf25b6dc953,185ed49f29bd46acbc30812db697029e,4,2024-06-20 22:21:24,1295.62
12bc8aee43db4344a462b3ceaef4b1f8,9b1a25b4c6e046a497f3375f95115c53,aa968ed13ace4189a12a4d7cb1594f8f,3,2024-04-16 22:21:24,1312.54
41e42555b7cb4087b382d2d37961c8fb,056a263723bd4de7a475baf25b6dc953,a5182de61ebf47a9bd41491f834f17fb,2,2024-07-28 22:21:24,1771.39
20f231ff233f405fa19fb7fa0d8b8864,b34de9e2ab4f4c9ba7bcebd406ab1c0b,4e74edd2113f4b08a0b1c9611eceea48,2,2024-02-01 22:21:24,1948.53
b005a62500f74fbcaac2cf31faeb7fd5,6d4350ec1a43445aa9cef3160b3f403f,7c1abcad5ec9455997bdc89e74706431,2,2024-06-23 22:21:24,175.4
efcebcac46ef4860ab761990460665eb,b1c7c8f5291b4c849d0383b9645087f7,51f947d0814e4000b0f36e9f3953d541,5,2024-09-17 22:21:24,802.23
47ef03c941cd44adbf0f72c02be2b290,bb9b41755a174fea95db37c79c47336d,0a71d6a66b0c46f48fe0daf08390e8cd,1,2024-06-01 22:21:24,1708.07
d9c5efcd732d46a7899ec70b54a30d4a,ac63f6b645a24b6899c415d6c6fbcfa7,8ccd6cbe27ab42478c8df4087216fcb5,3,2023-11-25 22:21:24,48.83
2e769295cc7d46b598a6e3b870034dc2,edc46fa64b4c42da986ad71681165d68,13eff3b8649149249288766de1a37824,4,2024-06-10 22:21:24,1887.6
68a860e3e80441f9993cd7e0d2bee3f9,bb9b41755a174fea95db37c79c47336d,bc68ee92ab874e90be353f1ca67f8b8d,3,2024-07-17 22:21:24,1212.68
f0d9323e5a7e40199ee0e02263d0710d,569b01eb57104f859b9f4bb9a69a7732,3cd384a9dac34ab287884f81edca2497,1,2024-02-19 22:21:24,1749.44
781062e6b6d14e498695e9928ca80f2e,0e190705dde445fe8f5f5afd5cc68fbb,5ae24509775d4b7eaf18994771abea3d,2,2024-01-06 22:21:24,890.97
842ab5e8964245bf8ac498fbb54da311,1a25b523b93d4637b97db09dad323629,7c1abcad5ec9455997bdc89e74706431,3,2024-06-01 22:21:24,1152.76
5d2c686435b841d18ff2fc7acf2f600f,4da0d97d338d479cb6047c0bfb125e68,431ccaf8dda345bb85d619e038655d5f,1,2024-06-20 22:21:24,224.13
897fc60a1678452a9614f5c23d89ed04,3cb14d39ff8f462d9d840684f0e9c216,a13b084dc76841d98158c3ee38409a0d,5,2024-05-26 22:21:24,905.76
0e9f3802738c4009be450a5262c09efe,0c7f20df8a0e454fbbcbcbcbbb203f23,5211bbc2eb4b46d497ae428ecc1e9e7f,5,2024-04-12 22:21:24,1002.63
0f859224139a465d86259d5471c6daa0,65b9a124801d42fabc55ce2e83e02483,5f6d1c08b5e44dec867a9966e6829a51,1,2024-03-13 22:21:24,1457.99
ac1ded7d8d9f4a58ad7647c1f0555957,53c44aee313947038e1f357a7bfda969,e9cc5ca6f31644a7873333da26fcd299,5,2023-10-23 22:21:24,873.51
9fe65f046c7a4184a24a1bf32bbf7749,1ad7c4b490184edc965bfc454f89f514,431ccaf8dda345bb85d619e038655d5f,3,2024-07-23 22:21:24,715.38
b357e76d161141dbba0946e5fcc8be86,ffeb268719e04c8a8fd4fa34a9aceb3d,11fb089c575144cc8a6b4b4714c970f7,3,2024-07-11 22:21:24,578.03
c27a8f1d19b747e79a290b510fff1da7,759a64ed779845adad283aef5ce7a08c,a20273cd79194c10a736ed78682e9dc8,2,2024-05-09 22:21:24,1215.33
acbedb2b19d24587b0b52689ef16c231,f0bf0473bd5b4239bd43063bf2bca906,6baac344ed9640c9a2e9624910fc2786,4,2023-12-12 22:21:24,1964.87
a34a7677e1ed4517b2921a8213adef21,1b347a754a1d44e2be4d56f495cdf705,25759ce1ea7b49c3a4c0cd201323a126,2,2024-04-12 22:21:24,531.52
59332e76e0704f3fa22ce856ba4cc066,17425518c0164120a64ec0ac254b7ddc,11fb089c575144cc8a6b4b4714c970f7,5,2024-05-30 22:21:24,1025.98
3cfce4ceaafd4a5e8e4340ee1a2064f1,9213a5d078624d5d8ad061ce26c79619,5bbeb8e3fd564361805fd3c4e8a48443,4,2024-02-19 22:21:24,426.22
5db551db3a0c452a9ff38aa6a263c4e8,738428280c724a45ac12f7f127642b2f,9384f289066a4b81a7103c6a85a20ffa,5,2023-12-16 22:21:24,1851.54
99b1e385323b453bbfac736fae9df56d,70d4c013785342048a6cd5077a6f60fe,a5182de61ebf47a9bd41491f834f17fb,3,2024-08-16 22:21:24,1069.79
b92c15f0a8e44ea9b068101c82f47618,5c19464e63184852b1cfebf361f6f406,25759ce1ea7b49c3a4c0cd201323a126,2,2024-08-11 22:21:24,1360.2
7816986364a444bb959de3221c33087e,bb8e394f4c10472983925fba557fcb4f,a4ee51da8dde4d15a1d15dd8111886a3,5,2024-09-28 22:21:24,1028.37
3f83536764bb4c68a0a3d82ea0673428,8a0ab6ad7ddd4cf99a8e7787261d1167,354f08e6d0ab4bf89e2e290e5e687a28,2,2023-11-03 22:21:24,1341.86
09e62c1e832d424c856cb4c01cbc6076,7dca9b12c8174f6cb479b8a1c821353e,d06b86b083344dd6a63550e34204d4c1,4,2024-09-22 22:21:24,1807.64
4de72c7c888e42cb81cac621ad8b108f,0c7f20df8a0e454fbbcbcbcbbb203f23,8ccd6cbe27ab42478c8df4087216fcb5,2,2024-10-02 22:21:24,992.12
f74ed3b29b86466b87d9039229a6d2ba,72eb18b3b9d046af9618fe7dcdbbdab4,6bff76f77f1c4f8bbdf22aa6ad817ea9,5,2024-06-28 22:21:24,1183.75
40d87d64461d474da958515a4436e266,ee14697fc9c44d2ea33222d2afe233f8,873af4e9ad484a6caab2fee1aef4c763,5,2023-10-20 22:21:24,975.85
ff874d29998c4de0a82fb53b730da3cf,37eaffefa083497e883e78e6c08872cb,d47f5b7b9f5a4d8b9bccd53b99fe7fa8,2,2024-03-21 22:21:24,301.06
7c173cf7da46411fb6ec9de13eaa11c7,558dab7e2abf4e7da712e2a4672fd96d,9384f289066a4b81a7103c6a85a20ffa,5,2024-01-27 22:21:24,1503.1
0c34469fb44e4a24bcd08c910de5cd3d,17425518c0164120a64ec0ac254b7ddc,1547b4f91f81460085eed7c4b96626d0,3,2024-08-22 22:21:24,1469.42
dc736e7367d8494e878f5c3a1116f958,d5166a94053445bf9f4dbeb18b57b2fc,a383032f4b914a92b4168e17b4d5c3b8,4,2023-10-21 22:21:24,1618.07
8e2868d3636c4e2cab4dbb3f4b021c3b,b34de9e2ab4f4c9ba7bcebd406ab1c0b,f050579b56fb47f9a623dba3bd6495f8,1,2024-05-04 22:21:24,510.93
0a8f5b2338774697bbbde3b58e45bff8,e6466aec70fd4658961fb7165df5eabc,7270779a92564530b903d2b1bdd3ead9,2,2023-10-09 22:21:24,232.36
de65d8a5b17249daba3b10aefd3eb9e3,d5166a94053445bf9f4dbeb18b57b2fc,f33227762bef48c580cc27631eebff17,1,2024-06-28 22:21:24,1129.9
3d2a012e5cc8480c9b1fb33f77a1f66c,569b01eb57104f859b9f4bb9a69a7732,0a5618772ef54f7da6778f814b75bad2,5,2024-09-27 22:21:24,205.27
7865d3bcebb54d1fba7e016d0e4f6163,0e190705dde445fe8f5f5afd5cc68fbb,e24bbf80b77745afa3454f1eac6cc6d5,5,2024-03-23 22:21:24,942.44
5da9c48050374be1838f1620d351a8d9,ac6dcf077e2b4ced8f7f0d43cce59102,1547b4f91f81460085eed7c4b96626d0,2,2024-04-25 22:21:24,1043.48
957b4d2bf36e4b5795f158942b467ab8,f11ece6eebd646d6913485d51fc7814e,7270779a92564530b903d2b1bdd3ead9,4,2024-04-11 22:21:24,623.05
06244422e42d4215b14fece00479d7fd,1ad7c4b490184edc965bfc454f89f514,3e41a46f92f140429a67415be764dda8,4,2024-04-27 22:21:24,1145.32
31ddfd4c5917437eab881a894434f79a,13092cc13abe45bd86e9f4ccc22ea461,23de41ed7e0249a8bad59df1d0537706,3,2024-09-05 22:21:24,317.22
cad4728f2c734e72971773e90be91509,9213a5d078624d5d8ad061ce26c79619,5f38ff6c7fa04e60889e586499df1041,3,2024-09-18 22:21:24,1566.17
b5b5f4f954724b86a99438ac4d6db737,2bcdec11edef42d88dee175a9811d267,c77be53839b948f69e282e3d42e787a0,2,2024-03-04 22:21:24,682.81
864ba67a18d542ca9d3a75f1d116b06a,b1c7c8f5291b4c849d0383b9645087f7,e9cc5ca6f31644a7873333da26fcd299,3,2023-10-10 22:21:24,895.54
0f9281f8fc50463e8c9e9b47bc96e6e2,ac6dcf077e2b4ced8f7f0d43cce59102,5f6d1c08b5e44dec867a9966e6829a51,3,2024-07-05 22:21:24,1073.84
ed0def770cbe4e3283224f661e804b01,62cf8f1def0c45058d140a9066a37d51,6bff76f77f1c4f8bbdf22aa6ad817ea9,3,2023-12-03 22:21:24,668.65
6dbbe506bb934a9bbed81250b6c6c9ba,857c3d07cb4349e9b848b72ae36f56c5,4c98aeada64e4a478df5ff2ccaacebec,2,2024-06-17 22:21:24,1270.5
7542249040aa4d01971097fc56d13bf9,b1c7c8f5291b4c849d0383b9645087f7,873af4e9ad484a6caab2fee1aef4c763,3,2023-11-25 22:21:24,345.33
99b3265f05024c6f8524040af644c094,c7e2fd6c7f9b44e6b5c3e156a34541af,a13b084dc76841d98158c3ee38409a0d,2,2024-06-12 22:21:24,287.62
f3cecb2911304f5ba219a5f416db6798,f0bf0473bd5b4239bd43063bf2bca906,aa9d6b89ee544b859c901c1de46c58bb,1,2023-10-24 22:21:24,1720.57
a85307079d4c49318d8b31bdac6cc56e,3fa94a44deb840f9ae35726fbb5b2c80,0131962d455443d4a68db9f1210b6cc3,1,2024-10-05 22:21:24,161.13
501216e7a81a4f1391b3d19f13c51c10,6d4350ec1a43445aa9cef3160b3f403f,e696343231fe45549c58d34242ceff4d,3,2024-04-13 22:21:24,1070.88
008112746de94f23ac0ada41105aa70b,0e190705dde445fe8f5f5afd5cc68fbb,b2b7aeb5c0b747099859f3185f82ed8e,3,2024-07-29 22:21:24,660.17
9733d7b0a27c43ec94ed3d5c17a7ef7c,bb9b41755a174fea95db37c79c47336d,4ee66f3806054614b28d7d8a175cdd07,1,2024-06-20 22:21:24,758.14
909b5a8da7e34c4bad14741f3cd73b49,39ac43dd80e74be58348373dbc9a36a5,43b966e94d0a4a0986fe2244b7690074,4,2024-06-29 22:21:24,129.43
1cfdfa4ad2c7476abab9de685420ad45,6b586191124f45cd9dbf6c79ddd7bdcd,e696343231fe45549c58d34242ceff4d,1,2024-01-29 22:21:24,558.62
836476510ef148ccbd0770e80a03eb50,a132191fd3d040d6a26fef58bd8e2276,767b75dfcdd647078adf2f660f0d6450,2,2024-01-26 22:21:24,332.75
f29274d418064e138c1f9536d6f63e00,b1c7c8f5291b4c849d0383b9645087f7,6175761ee89e4851bbfb86e7197d8aff,2,2023-12-06 22:21:24,656.15
55615188873542558ce482e03cb00af4,4c8341aa02864996ad0936463f1d15e7,a13b084dc76841d98158c3ee38409a0d,5,2024-06-07 22:21:24,248.9
a2eca24a3c50401f9d83d2ecd6151e4f,d5166a94053445bf9f4dbeb18b57b2fc,b180314d7a6b41b2bb5a4ca07d74dd65,4,2024-01-09 22:21:24,480.6
7cc76cc26e6d4667ad604cb3099ac380,5e18cfa36d5c4fa59219e735e5e11421,6d30feba7ad44a7cba619db34814f49b,2,2024-06-11 22:21:24,101.26
8e8a0e73a6b14aaaa5bc3714d2ccc67b,aef7f3194e2845f6a6077da709a20709,f9fe727c81344b75b32e5b3bb52c4b3a,2,2024-09-27 22:21:24,1776.51
34afd2beb33f4187ace88c01398362d3,70d4c013785342048a6cd5077a6f60fe,e9cc5ca6f31644a7873333da26fcd299,3,2024-05-08 22:21:24,372.28
dd552c2224b840429cffa94a475471b8,62cf8f1def0c45058d140a9066a37d51,3cd384a9dac34ab287884f81edca2497,3,2024-05-19 22:21:24,1341.19
48d9bd9d4cee4f26a056090d1c154236,34010ff726a741b6957361940c19f7b7,5f99bade03a6418d84ef0be442e9e85e,4,2024-09-12 22:21:24,229.75
7bf0424e918a42d181740f3950d74893,0d23d623605545588a6c83c25e990a18,431ccaf8dda345bb85d619e038655d5f,2,2024-10-02 22:21:24,854.97
c8e2432e077e4cf599a7fd28e7f4247f,c0a5da4ed75f433599ba01ceceff08eb,f33227762bef48c580cc27631eebff17,1,2024-02-22 22:21:24,1816.54
80b863495c2f4aca90e1baeb3145d415,ee14697fc9c44d2ea33222d2afe233f8,2431420adea246069b665cb67c6e6175,1,2024-02-04 22:21:24,1764.39
1bbcda41bd07440db2e08fa6c9380f23,6b742d3953ad430b8478def4fd7cb441,aa9d6b89ee544b859c901c1de46c58bb,4,2024-01-13 22:21:24,427.45
e9ad56119d644aca9b7c3b612fe11032,3fa94a44deb840f9ae35726fbb5b2c80,e28da4b510f242c4bab108ae12d26b52,1,2024-02-09 22:21:24,1387.95
b513b5b348b3489f876f9670b490f2b7,220c8e9c04454f1cb2fb71219e6bce0d,a5182de61ebf47a9bd41491f834f17fb,1,2024-02-12 22:21:24,749.91
4e9ae05bbc7c48d9af8b8a2238661470,0e190705dde445fe8f5f5afd5cc68fbb,6bff76f77f1c4f8bbdf22aa6ad817ea9,5,2024-05-13 22:21:24,560.63
d584a060bfcf454d997fbc97d63bb0e3,4da0d97d338d479cb6047c0bfb125e68,0bfd263b7839434c918fc5aedfd23a8b,3,2024-09-01 22:21:24,1428.13
7c571f6012c6428985803e298bd262e0,881bd631e5074fb691589640b95c253c,8ccd6cbe27ab42478c8df4087216fcb5,4,2023-12-29 22:21:24,213.32
e7366c76269f4a7eab5cecfa08f17f35,0d23d623605545588a6c83c25e990a18,7a34301769594c4c9354c8487ed2908a,3,2024-01-21 22:21:24,1676.67
4e26b0798c4a4a4087e4210db16f519f,0d23d623605545588a6c83c25e990a18,8ccd6cbe27ab42478c8df4087216fcb5,5,2024-05-05 22:21:24,1208.36
356fa06ba7d54ba9b9eef4a0e1f8d7a4,b1c7c8f5291b4c849d0383b9645087f7,6bff76f77f1c4f8bbdf22aa6ad817ea9,1,2024-07-07 22:21:24,196.97
cc2c5739f25b492cbc699e79b16004a2,1a25b523b93d4637b97db09dad323629,281e807be26f40db984a00a2bbefa373,5,2023-11-19 22:21:24,1501.43
589e37f088b5426284a388059c146ebe,9396d3e55c06481380cb02fe162bde6f,87f8c48c5dad4c729fae715fb926afcf,2,2024-02-29 22:21:24,509.24
810e373ec97b49d58126036c7efc2a6e,62cf8f1def0c45058d140a9066a37d51,8ccd6cbe27ab42478c8df4087216fcb5,1,2023-10-25 22:21:24,93.95
0d1635d55cd44d81a4b01146d775caac,bb9b41755a174fea95db37c79c47336d,701d7ffa6c69427097fc3782d9ab9555,3,2024-06-27 22:21:24,1581.98
2b0c84d4ad954729b8aae4f3a2772c3b,29f3c6a4089947fba9c6e352d4147df7,0a5618772ef54f7da6778f814b75bad2,1,2024-08-22 22:21:24,1044.9
e523ddd6e6ef4707bdc6fdfd3eff5c3f,5e18cfa36d5c4fa59219e735e5e11421,94dd440711f8491d8195a22b23de62ab,4,2023-10-24 22:21:24,577.14
8ed3fa8c822c42c3b16d7c5bf36fabba,881bd631e5074fb691589640b95c253c,af2739b8e5fd4bcc96fc7971bbf77a14,2,2024-03-08 22:21:24,1184.76
b19de83412db4389adc0db8b72c82e2e,8bf497197a4f4e6788f362215b43b3f2,0131962d455443d4a68db9f1210b6cc3,4,2023-12-23 22:21:24,1311.55
87b7d7ff4ce24d02a5063427e8717ed5,1a3435a8c37f423cb8ce30b759f8c6a8,6bff76f77f1c4f8bbdf22aa6ad817ea9,1,2024-06-27 22:21:24,453.45
edf0fcf554374673ae1a954ea25b44b2,7dca9b12c8174f6cb479b8a1c821353e,9384f289066a4b81a7103c6a85a20ffa,2,2024-04-21 22:21:24,716.11
9317b43de1b24ea3b09ec3dc6eebdef8,daf8786448e24a9d8fd250daff076353,a5182de61ebf47a9bd41491f834f17fb,3,2024-07-23 22:21:24,1936.71
efebcd2cd0be46e898e30b4baa2dfb5a,0d956eaa413741d394cd9ae475f30e95,101ea59d43364836b4fa658118474c85,1,2023-12-30 22:21:24,1910.71
201296a00ab64e409704590760c1c0ae,c7e2fd6c7f9b44e6b5c3e156a34541af,968821dca8af4a9586dc5f5caf7eb26e,3,2024-01-24 22:21:24,1034.2
0b33966d6a094ec48b94336c434fd6d2,aef7f3194e2845f6a6077da709a20709,8ccd6cbe27ab42478c8df4087216fcb5,3,2024-02-03 22:21:24,1928.46
abef2b56588b479a974004f70f021e1b,8396594453e940e898f8f938ae76a205,539e8076619b4f57b60787ab58298761,2,2024-08-10 22:21:24,1462.5
c00fef78496f48749bfdff7c86e4b84c,7dce916a47f54dbe8ce8e86953fd1563,c5e04d9e8e48475f9c13c69ca6ba6b13,3,2023-12-18 22:21:24,544.88
fd1447c322dc4c2fa92e11f111c08efa,ab394c9c93444480b520a3c23475144c,4e74edd2113f4b08a0b1c9611eceea48,2,2023-10-31 22:21:24,1114.15
2ef5e606809a4a0d91b5f6e01d692892,0d956eaa413741d394cd9ae475f30e95,db7c959661ea4383a3bef32728be4225,3,2024-05-18 22:21:24,796.25
150df79b5dc84bfab4f2a638ae9a32ff,0e190705dde445fe8f5f5afd5cc68fbb,551aeb7e307147fcacfef1fbd63479f3,1,2023-11-11 22:21:24,1116.79
e87c0934fb1946b1a5644d8836092fc5,d4a1be54d3964c37b480571d816ff300,3cd384a9dac34ab287884f81edca2497,5,2024-09-20 22:21:24,1962.31
1a9a615a868c497c92cc1c659e2449f4,558dab7e2abf4e7da712e2a4672fd96d,d3998a0800a74a30b2c413bce33c93fd,2,2024-04-05 22:21:24,1343.98
f9205864a5b04b71b691e718224f20d2,0d23d623605545588a6c83c25e990a18,8ce04706dc88494fad0bfb4e6585c74e,4,2024-02-27 22:21:24,221.75
125c72b208aa4365b94895aeb13d7b75,bc339aac4d544c7e9f383fb27b79ed74,25759ce1ea7b49c3a4c0cd201323a126,5,2024-02-17 22:21:24,1392.75
b5a3fec7d7fd46b9967629ef17326f4c,13092cc13abe45bd86e9f4ccc22ea461,b180314d7a6b41b2bb5a4ca07d74dd65,5,2024-07-16 22:21:24,16.84
6602c329484f4c29b3b2151ba412ffc0,6d4350ec1a43445aa9cef3160b3f403f,874ba97a0d2f46edac8d0f84f6b82b90,5,2023-10-13 22:21:24,423.66
b400f7196e8a46b0ba1f12c7ef668d3e,8bf497197a4f4e6788f362215b43b3f2,816ff2bdb8254ec08676d4e0fac61f90,3,2024-03-13 22:21:24,1378.3
028d5eee5b6f4e8c818d4c70c0c0a36d,8bf497197a4f4e6788f362215b43b3f2,d47f5b7b9f5a4d8b9bccd53b99fe7fa8,5,2024-02-28 22:21:24,103.5
e4dbdab337ae476eaaec641a815a5ba1,1a298d3ba2e84029a69cbba782f58324,87f8c48c5dad4c729fae715fb926afcf,1,2024-09-27 22:21:24,1517.77
dc6c60f56eac44f28b8c81011fec3994,b1c7c8f5291b4c849d0383b9645087f7,23de41ed7e0249a8bad59df1d0537706,4,2024-01-18 22:21:24,1002.09
703f9aa68c6e420abd0a116f2d52b4e4,70d4c013785342048a6cd5077a6f60fe,b180314d7a6b41b2bb5a4ca07d74dd65,5,2024-04-01 22:21:24,322.89
871eb7148e764efaa03234c9f0f9d1b4,056a263723bd4de7a475baf25b6dc953,a20273cd79194c10a736ed78682e9dc8,1,2024-02-10 22:21:24,646.76
226425aa0af34cc0935e42857c1ec9dd,39ac43dd80e74be58348373dbc9a36a5,7b1fe1751e2f45508beefea3de12ecc4,3,2024-07-13 22:21:24,948.58
8cec59ce6b7e49d19c06923a60e40cdf,8bf497197a4f4e6788f362215b43b3f2,3e41a46f92f140429a67415be764dda8,1,2024-01-22 22:21:24,1080.35
e466fc1fe2c645f39c1f093348c9f817,72eb18b3b9d046af9618fe7dcdbbdab4,4e74edd2113f4b08a0b1c9611eceea48,5,2023-11-13 22:21:24,1969.39
7d7337eee5f940309c9171858e22993c,ffeb268719e04c8a8fd4fa34a9aceb3d,87f8c48c5dad4c729fae715fb926afcf,4,2024-06-13 22:21:24,921.46
447f6398d8d942a3868e355dd0fd287d,25d4dda0242c47ec83a0bffce340fb60,0a5618772ef54f7da6778f814b75bad2,3,2024-08-13 22:21:24,26.23
ccf3cdb0c8cf41e5977261e9b1e34272,f3ab77f523364b8188f2b0e7313ff745,0bfd263b7839434c918fc5aedfd23a8b,1,2024-07-18 22:21:24,1539.05
5595fc2faabe4f9582059622a57fa51d,edc46fa64b4c42da986ad71681165d68,323177b0d72b46f5bd76b45ff50924ad,5,2023-12-17 22:21:24,146.23
ae364d266314406b9268b7456ca758bd,9396d3e55c06481380cb02fe162bde6f,6bff76f77f1c4f8bbdf22aa6ad817ea9,1,2023-10-07 22:21:24,731.66
c12bed071cab46b1bb88423c6ac96524,3c0e85f6aa3b418984db9337cbfd35e2,34fc6c1a7c044ac2918e809ee2b00e88,3,2024-01-02 22:21:24,1643.17
3f532333c6bf43158fd81b41db9dd0e0,df4071ab526a4ead8d3ddfd368ba578b,0bfd263b7839434c918fc5aedfd23a8b,4,2023-11-09 22:21:24,1407.54
384a1cb93e304adea39051a03c9593e6,220c8e9c04454f1cb2fb71219e6bce0d,a20273cd79194c10a736ed78682e9dc8,1,2024-01-25 22:21:24,846.49
d450706fa0a74167bfc8e59599de7fb1,f3ab77f523364b8188f2b0e7313ff745,7a34301769594c4c9354c8487ed2908a,4,2023-12-29 22:21:24,1430.2
3244eaabe4ad40bcb435eb619fa55fa2,a623bf1ce4094005b037900afc7aa5ff,7c1abcad5ec9455997bdc89e74706431,2,2024-05-29 22:21:24,871.91
