,user_id,username,password,user_type,email,mobile_number,address
0,6aea4d1bac1148cbb6e3b2129bfd4eea,Betty Kinne,12345678,seller,BettyKinne@example.com,9644402374,"2715 Thornbrook Court, City - Odenton, State - MD, PostalCode - 21113"
1,a3935b585bf946749c8ed81ae533e076,Annie Williams,12345678,buyer,AnnieWilliams@example.com,8632063892,"200 Boulder Road, City - Manchester, State - CT, PostalCode - 06040"
2,43e902357ed04cc68bf48631a3934826,Evelyn Frazier,12345678,admin,EvelynFrazier@example.com,6675226764,"1008 Rhode Island Avenue Northwest, City - Washington, State - DC, PostalCode - 20001"
3,890fd4f2a0b744a1a5551b848e840337,Loretta Banks,12345678,inventory_manager,LorettaBanks@example.com,8315311063,"13 Riverview Avenue, City - Groton, State - CT, PostalCode - 06340"
4,5a208c9885884d3287f9d24c777629b0,Jacquline Vest,12345678,buyer,JacqulineVest@example.com,8216150469,"5715 Saint Matthew Drive, City - Newark, State - CA, PostalCode - 94560"
5,066c6812c31049ef84a11ed8c2213167,Christine Redd,12345678,inventory_manager,ChristineRedd@example.com,9991354206,"992 Sherwood Forest Road, City - Annapolis, State - MD, PostalCode - 21401"
6,064fc71f318246e2b23f6f037a1c594d,Joyce Bowen,12345678,inventory_manager,JoyceBowen@example.com,7609470199,"46 Sugarloaf Hill Road, City - Warren, State - VT, PostalCode - 05674"
7,3242bad85a5d45ea99b788213916faf7,Helen Mathews,12345678,buyer,HelenMathews@example.com,9769707247,"629 Cutter Court, City - Annapolis, State - MD, PostalCode - 21401"
8,fb26373207864d73b528e43191a0ca8a,Marion Slaughter,12345678,inventory_manager,MarionSlaughter@example.com,9419761585,"89 High Ledge Circle, City - Manchester, State - CT, PostalCode - 06040"
9,66908f6f7527481e8e446dff5de16f8f,Teresa Matzke,12345678,admin,TeresaMatzke@example.com,6701345451,"190 High Street, City - Medford, State - MA, PostalCode - 02155"
10,b884c836458641048ee69fa8be46fa1a,Howard Lopez,12345678,seller,HowardLopez@example.com,8596790737,"354 North University Avenue, City - Fayetteville, State - AR, PostalCode - 72701"
11,6a5965470e8444e3861669246767bd5e,Yvonne Moyer,12345678,inventory_manager,YvonneMoyer@example.com,7762357163,"6950 West Nicolet Avenue, City - Glendale, State - AZ, PostalCode - 85303"
12,2436ef1b8d3b4325a3d102f96a9ff66a,Lakeshia Cogliano,12345678,admin,LakeshiaCogliano@example.com,6857253465,"215 9th Street Northeast, City - Washington, State - DC, PostalCode - 20002"
13,89e34630873f4d08b86c46352ee9c935,Charles Doty,12345678,inventory_manager,CharlesDoty@example.com,9203124582,"3179 18th Street Northwest, City - Washington, State - DC, PostalCode - 20010"
14,a1b7b60de10749bd9b109089ea56b70e,Evette Rodriguez,12345678,seller,EvetteRodriguez@example.com,7599935371,"919 Windsor Avenue, City - Annapolis, State - MD, PostalCode - 21403"
15,183132db41394f6da070972ef1f68b3d,Faye Lange,12345678,admin,FayeLange@example.com,9436223509,"16040 North 67th Drive, City - Peoria, State - AZ, PostalCode - 85382"
16,7f21979585e34b1883a54f2a7bec3508,Mary Lunt,12345678,seller,MaryLunt@example.com,6035192521,"7096 Park Mesa Way, City - San Diego, State - CA, PostalCode - 92111"
17,1f5720bb7690459fbc55fe1c6c1788cd,Tiffany Trimpe,12345678,seller,TiffanyTrimpe@example.com,7283904159,"3031 Montgomery Street, City - Savannah, State - GA, PostalCode - 31405"
18,9a872ca35b7946039020698cf94e0528,Ashley Francois,12345678,inventory_manager,AshleyFrancois@example.com,6793136281,"5472 Sunstar Common, City - Fremont, State - CA, PostalCode - 94555"
19,ab490f2d903b45599e192694548b1f35,David Diaz,12345678,admin,DavidDiaz@example.com,7405823910,"8010 Queen Victoria Drive, City - Anchorage, State - AK, PostalCode - 99518"
20,0bf5fcb327fd4764aab2f21d98212cbd,Ernesto Nelson,12345678,inventory_manager,ErnestoNelson@example.com,8561515066,"6022 West Alice Avenue, City - Glendale, State - AZ, PostalCode - 85302"
21,d85af47ca7474d38a173153f31327dad,Jessica Sapp,12345678,inventory_manager,JessicaSapp@example.com,9162710399,"5385 Iris Street, City - Arvada, State - CO, PostalCode - 80002"
22,e2234c2568fb46c5a8789a0aae68e1d2,David Hernadez,12345678,admin,DavidHernadez@example.com,8554969393,"800 Old Stage Road, City - Glen Burnie, State - MD, PostalCode - 21061"
23,271a536f66a44de9b1d70639382775e0,Joanne Bridges,12345678,buyer,JoanneBridges@example.com,8469485813,"3951 Kimberly Street, City - Montgomery, State - AL, PostalCode - 36116"
24,b52e186f347448ed95f91c3065d0c45c,Sara Kuennen,12345678,seller,SaraKuennen@example.com,6239886007,"716 Waller Road, City - Brentwood, State - TN, PostalCode - 37027"
25,a932b104793345448eaad0cf54cac99c,Henry Diaz,12345678,buyer,HenryDiaz@example.com,7548136292,"88 Pine Valley Road, City - Savannah, State - GA, PostalCode - 31404"
26,0f18c45bcc024c01bd65f1bd801ed13a,Pamela Anderson,12345678,inventory_manager,PamelaAnderson@example.com,7758585300,"2900 North Western Avenue, City - Edmond, State - OK, PostalCode - 73012"
27,67aa653529c1407e8aef23d70d3de31a,Karina Schultz,12345678,seller,KarinaSchultz@example.com,7295344238,"12546 West Montebello Avenue, City - Litchfield Park, State - AZ, PostalCode - 85340"
28,8ab464c12a3f4a17bfe211d2dcd5deee,Timothy Gaspar,12345678,buyer,TimothyGaspar@example.com,7920801101,"1605 Remington Road, City - Edmond, State - OK, PostalCode - 73034"
29,609f0d9925734c819609bad7b5ed7e6b,Sabrina Markowitz,12345678,admin,SabrinaMarkowitz@example.com,6136036588,"2821 Tyson Place, City - Louisville, State - KY, PostalCode - 40218"
30,48d05c70ba3c43faa16372672dc09ba2,Anna Beach,12345678,inventory_manager,AnnaBeach@example.com,9471428559,"2076 North Crossover Road, City - Fayetteville, State - AR, PostalCode - 72703"
31,08bcc17bfa2c4d21a0bcc849764e95b6,Daryl Rogers,12345678,inventory_manager,DarylRogers@example.com,7479893146,"474 Merritt Avenue, City - Oakland, State - CA, PostalCode - 94610"
32,5c5294be083a4cc68eb162359391b8cc,Angela Baker,12345678,buyer,AngelaBaker@example.com,6949515283,"78 Cliffside Drive, City - Manchester, State - CT, PostalCode - 06042"
33,a020285dc11a4e3da072413cc94fb14a,Martin Santos,12345678,buyer,MartinSantos@example.com,9685043364,"822 Bowden Street, City - Savannah, State - GA, PostalCode - 31415"
34,04e3609c8ebb496cb144a19aa9053287,Mary Evans,12345678,inventory_manager,MaryEvans@example.com,6155073927,"325 Joseph Circle, City - Southport, State - FL, PostalCode - 32409"
35,c80c22411e3d48c2bbb237fe194fa8e2,Ruth Perez,12345678,buyer,RuthPerez@example.com,6578431476,"618 Ava Circle Northeast, City - Washington, State - DC, PostalCode - 20017"
36,b24413a482854bc8aab87e4fa1849782,Kimberly Kulig,12345678,seller,KimberlyKulig@example.com,8308079856,"122 East Hayes Street, City - Norman, State - OK, PostalCode - 73069"
37,c4827c6a990c47c6907f1ba0d95e039f,Bruce Geisler,12345678,inventory_manager,BruceGeisler@example.com,7433078782,"63 Wild Thistle Lane, City - Savannah, State - GA, PostalCode - 31406"
38,9e5db46e7a114443987f76f843e3f3c2,Helen Heller,12345678,buyer,HelenHeller@example.com,9376836207,"1809 Hughes Street, City - Nashville, State - TN, PostalCode - 37208"
39,9c797572d6dd4ecd92e68fdc2c21f3f3,Amelia Foster,12345678,inventory_manager,AmeliaFoster@example.com,7169139868,"219 Shana Road, City - Glen Burnie, State - MD, PostalCode - 21060"
40,487db482bc1d4ea59ab401adb947935f,Jose Crosson,12345678,inventory_manager,JoseCrosson@example.com,8388104400,"4463 Cato Road, City - Nashville, State - TN, PostalCode - 37218"
41,164cf864c9c24b3aad2460847259156d,Christine Masters,12345678,admin,ChristineMasters@example.com,6122707901,"2538 East 40th Plaza, City - Panama City, State - FL, PostalCode - 32405"
42,838fa6849db447159c29c7f3202d1b69,James Pharis,12345678,seller,JamesPharis@example.com,9117469680,"195 Nursery Street, City - Springfield, State - MA, PostalCode - 01104"
43,a9a928d3edd14f78b7e115533771b02b,Maurice Phillips,12345678,buyer,MauricePhillips@example.com,6521115174,"6424 Simms Street, City - Arvada, State - CO, PostalCode - 80004"
44,42ec8035f0324d77b3283534826b706d,Lori Taylor,12345678,buyer,LoriTaylor@example.com,7341168914,"3437 Sommerville Drive, City - Montgomery, State - AL, PostalCode - 36111"
45,319b207da3964e608e254e5b8e30098a,Charlene Jones,12345678,inventory_manager,CharleneJones@example.com,6635002494,"15 Mystic Avenue, City - Medford, State - MA, PostalCode - 02155"
46,c2fef89045d743eaa3251ec0de1367f0,David Tiemann,12345678,buyer,DavidTiemann@example.com,7288017755,"1931 West Deane Street, City - Fayetteville, State - AR, PostalCode - 72703"
47,e9d79b0319c94d4b92c360769e83dc93,James Day,12345678,buyer,JamesDay@example.com,6257866196,"111 20th Street, City - Mexico Beach, State - FL, PostalCode - 32456"
48,58c9ba5d47124b85a8cc733f1120047a,Thomas Kelly,12345678,buyer,ThomasKelly@example.com,7578868407,"682 Brighton Way, City - Livermore, State - CA, PostalCode - 94551"
49,a6e6e76eee9349bd8c8d755b95559879,Jeffrey Perry,12345678,buyer,JeffreyPerry@example.com,9133195051,"4438 Maine Avenue, City - Baldwin Park, State - CA, PostalCode - 91706"
50,8261f78d38424bf3bd718c144908d8c6,Dorothy Woodruff,12345678,inventory_manager,DorothyWoodruff@example.com,8895446824,"3752 Roswell Place, City - Montgomery, State - AL, PostalCode - 36116"
51,cc871d769fb140f1b74f8df880285438,Charles Samford,12345678,inventory_manager,CharlesSamford@example.com,7772032669,"5337 West Wheeler Road, City - Fayetteville, State - AR, PostalCode - 72704"
52,16050628337244c0a9a5a8c254b7881f,Pamela Ringler,12345678,seller,PamelaRingler@example.com,7052530630,"31 Ashworth Street, City - Manchester, State - CT, PostalCode - 06040"
53,3fc2491e37644be685597388777f5bf6,Allan Sharp,12345678,admin,AllanSharp@example.com,6669271814,"180 Intervale Avenue, City - Burlington, State - VT, PostalCode - 05401"
54,bf810e0668c74db69f5bda751c27c5c8,Kevin Smith,12345678,seller,KevinSmith@example.com,9249102521,"3115 Cherokee Drive, City - Fayetteville, State - AR, PostalCode - 72701"
55,89faa2898fbd4e10b60d0583c7da6902,Judith Witt,12345678,seller,JudithWitt@example.com,8199713052,"217 Northeast 1st Street, City - Moore, State - OK, PostalCode - 73160"
56,d9120a0c6dcf4078aa9585eca9f663f1,Era Woodham,12345678,admin,EraWoodham@example.com,6960876213,"3728 9th Street Northwest, City - Washington, State - DC, PostalCode - 20010"
57,9b1c1a5e67e941f9ae4239287b33f3ed,Vivienne Lott,12345678,buyer,VivienneLott@example.com,9334781278,"1601 East 19th Street, City - Edmond, State - OK, PostalCode - 73013"
58,93509cb8ca1f47f1920894d67d16ba83,Jonathan Robert,12345678,admin,JonathanRobert@example.com,9613451898,"63 Summit Street, City - Manchester, State - CT, PostalCode - 06040"
59,362dd8426ccf43839c52bb5e1117d74e,Bernice Campbell,12345678,admin,BerniceCampbell@example.com,9199863043,"1666 South Summer Rose Avenue, City - Fayetteville, State - AR, PostalCode - 72701"
60,187efc36296741088e41cdd081e9cfb2,Hillary Frazier,12345678,admin,HillaryFrazier@example.com,6027645885,"8417 Timothy Lane, City - Oklahoma City, State - OK, PostalCode - 73135"
61,c63728e68bb74ff386a6f8eefc12668e,Albert Moxley,12345678,buyer,AlbertMoxley@example.com,6119148694,"171 Brickhill Circle, City - Pooler, State - GA, PostalCode - 31322"
62,324ad374c06b4be5b8052ff33d5c60d0,Marvin Lopez,12345678,inventory_manager,MarvinLopez@example.com,8321605494,"517 Retford Drive, City - Severna Park, State - MD, PostalCode - 21146"
63,a70f6558fbc142fea33aa0bd26ec24b8,Barbara Wise,12345678,admin,BarbaraWise@example.com,7500591019,"514 Flower Lane, City - Alameda, State - CA, PostalCode - 94502"
64,5ef86635dcb64328bb1a43f6daf72609,Bobby Laur,12345678,inventory_manager,BobbyLaur@example.com,7963922678,"4001 Teton Lane, City - Norman, State - OK, PostalCode - 73072"
65,f5f3a1d0522c481ebeaf2d8c4b072d7f,Larry Stevenson,12345678,seller,LarryStevenson@example.com,7701971239,"4594 Champagne Drive, City - Fayetteville, State - AR, PostalCode - 72703"
66,febaa897232d4b72a49c887ea7ee95fb,Sharon Griffin,12345678,buyer,SharonGriffin@example.com,7035498590,"5201 North Miller Avenue, City - Oklahoma City, State - OK, PostalCode - 73112"
67,b7d019f8a86447d388cf26de5066e969,Marilyn Williams,12345678,admin,MarilynWilliams@example.com,8066192658,"6047 Cole Court, City - Arvada, State - CO, PostalCode - 80004"
68,2604340699ed4db98d037407813206a4,Brian Gist,12345678,buyer,BrianGist@example.com,7942894392,"9472 Noble Way, City - Arvada, State - CO, PostalCode - 80007"
69,b24e77e0b09a4715be53d20aa70c3fcb,James Byrne,12345678,buyer,JamesByrne@example.com,8416778175,"1313 Southwest 14th Street, City - Oklahoma City, State - OK, PostalCode - 73108"
70,c334d5e02bb741a18c88f1d8eba1e80d,Charles London,12345678,admin,CharlesLondon@example.com,8700226990,"23124 North 71st Drive, City - Glendale, State - AZ, PostalCode - 85310"
71,261c6f8621ed45d1a22110612aea1ec4,Gertrude Little,12345678,seller,GertrudeLittle@example.com,6588522995,"1738 Annabellas Drive, City - Panama City Beach, State - FL, PostalCode - 32407"
72,1eae98bfbcda4443bb757d07104963a2,Eleanor Quillen,12345678,inventory_manager,EleanorQuillen@example.com,6778997694,"120 Depot Street, City - Easton, State - MA, PostalCode - 02375"
73,70d3f5d3abda4d44a910eecc0b4f9ed7,Kristie Downs,12345678,buyer,KristieDowns@example.com,6431519019,"3613 East 18th Avenue, City - Anchorage, State - AK, PostalCode - 99508"
74,498e8d2ec45f41368895c60ca1aafe37,Michael Steinberg,12345678,seller,MichaelSteinberg@example.com,9573236196,"3014 R Street Northwest, City - Washington, State - DC, PostalCode - 20007"
75,cfc58adc42fa4e0fb4234b2b121740be,Willie Roberts,12345678,inventory_manager,WillieRoberts@example.com,7647532309,"337 South Drive, City - Severna Park, State - MD, PostalCode - 21146"
76,7bd6b4f00ad54201a7e400b5093560a0,Alan Folsom,12345678,inventory_manager,AlanFolsom@example.com,9986778679,"22572 Toreador Drive, City - Salinas, State - CA, PostalCode - 93908"
77,b05bb0fed7084b13a2b415e270a58a89,Jean Lee,12345678,seller,JeanLee@example.com,7800515137,"5619 Clay Place Northeast, City - Washington, State - DC, PostalCode - 20019"
78,fe3338dc964d4481bec422eb05c3574f,Darlene Williams,12345678,seller,DarleneWilliams@example.com,9835907685,"60 Willow Lakes Drive, City - Savannah, State - GA, PostalCode - 31419"
79,a52b3dba8b104f259dc9a1f72420fde6,Yulanda Eicher,12345678,buyer,YulandaEicher@example.com,7676257302,"14525 South Brent Drive, City - Oklahoma City, State - OK, PostalCode - 73170"
80,b17b405edbda479b82632fbe58075efb,Mary Gibson,12345678,seller,MaryGibson@example.com,9382025394,"2400 Merry Street, City - Nashville, State - TN, PostalCode - 37208"
81,318041dd7d9a4cf7a32df3622c4993c1,William Mclaughlin,12345678,seller,WilliamMclaughlin@example.com,9285409606,"6740 Van Gordon Street, City - Arvada, State - CO, PostalCode - 80004"
82,94777659aa534cbb98350c4775822508,Leo Lim,12345678,admin,LeoLim@example.com,9337120495,"116 Queens Lane, City - Nashville, State - TN, PostalCode - 37218"
83,3fc34b51718849dd8733fd6e4b00db54,Pamela Woods,12345678,admin,PamelaWoods@example.com,7256796639,"100 East Joyce Boulevard, City - Fayetteville, State - AR, PostalCode - 72703"
84,3d0bac40c8444e449f8415638eddb5de,Darryl Basham,12345678,buyer,DarrylBasham@example.com,8030442069,"814 East 10th Court, City - Panama City, State - FL, PostalCode - 32401"
85,b587d2617abf47a185a2f72261b30a57,Jeff Wilson,12345678,buyer,JeffWilson@example.com,6112767791,"228 East Huntingdon Street, City - Savannah, State - GA, PostalCode - 31401"
86,0b336de478c743cbb731adca8ee149fe,Ana Frankel,12345678,buyer,AnaFrankel@example.com,8972570765,"1656 Newton Street Northwest, City - Washington, State - DC, PostalCode - 20010"
87,f3b79000de464ef3aa83bbc9e4291dc2,Marcus Engelhardt,12345678,seller,MarcusEngelhardt@example.com,7748697450,"3008 Russell Street, City - Berkeley, State - CA, PostalCode - 94705"
88,559e4747ead34e59bbf5e2c1f6c59622,Roy Faircloth,12345678,seller,RoyFaircloth@example.com,9829331915,"113 Hammarlee Road, City - Glen Burnie, State - MD, PostalCode - 21060"
89,bfe2f9c87816447db5137cab0db12b22,Shawn Sanford,12345678,admin,ShawnSanford@example.com,7226068812,"104 Bennington Street, City - Lawrence, State - MA, PostalCode - 01841"
90,72a13436f4ae42848507c1bbf3837c35,Robert William,12345678,inventory_manager,RobertWilliam@example.com,8383051864,"2306 Edinburgh Drive, City - Montgomery, State - AL, PostalCode - 36116"
91,9bc4f6c2ea754f2daa0b824cf733b43f,Dorothy Nemeth,12345678,inventory_manager,DorothyNemeth@example.com,7714850715,"15847 West 74th Place, City - Arvada, State - CO, PostalCode - 80007"
92,806aeb50c0fb440e9d1692b7f724322e,Nicky Davenport,12345678,buyer,NickyDavenport@example.com,8543140790,"107 Mark Drive, City - Glen Burnie, State - MD, PostalCode - 21061"
93,6dddad4b005c4406b9a5dc5448083b82,Jason Gray,12345678,admin,JasonGray@example.com,9906725826,"1123 Ardee Avenue, City - Nashville, State - TN, PostalCode - 37216"
94,17e0941d7e454f1fabbaa2dc52eefab1,Paul Rochat,12345678,admin,PaulRochat@example.com,8029660542,"130 Old Route 103, City - Chester, State - VT, PostalCode - 05143"
95,c086d05bfa994946bc29b47d04c7df4a,Rich Bailey,12345678,inventory_manager,RichBailey@example.com,9367702640,"412 Virginia Avenue, City - Louisville, State - KY, PostalCode - 40222"
96,58a3c65b0d804915b1fd776a4e144a7f,Morgan Brownell,12345678,buyer,MorganBrownell@example.com,7244246019,"1414 West 7th Avenue, City - Anchorage, State - AK, PostalCode - 99501"
97,9e9c128d3b6c45e790a004fc61b1d4b6,Darleen Mcpherson,12345678,admin,DarleenMcpherson@example.com,6986482589,"7419 West Hill Lane, City - Glendale, State - AZ, PostalCode - 85310"
98,34b803f59c1343b3906c0903ba02d453,Gonzalo Cole,12345678,admin,GonzaloCole@example.com,6195843098,"5434 Cedar Ash Crossing, City - Nashville, State - TN, PostalCode - 37013"
99,39a9a18bfd0941eaae00138c4f146108,Jean Alewine,12345678,buyer,JeanAlewine@example.com,7647473172,"814 East 10th Court, City - Panama City, State - FL, PostalCode - 32401"
